{
    "boards": [{
        "boardId": 110,
        "boardTitle": "Onboarding of Customers on North Wind Platform"
    }],
    "lists": [{
            "listId": 999,
            "listTitle": "Zoarere",
            "boardId": 110
        },
        {
            "listId": 990,
            "listTitle": "Telepark",
            "boardId": 110
        },
        {
            "listId": 992,
            "listTitle": "Talkola",
            "boardId": 110
        },
        {
            "listId": 1000,
            "listTitle": "Buzzworks",
            "boardId": 110
        },
        {
            "listId": 996,
            "listTitle": "Omatom",
            "boardId": 110
        },
        {
            "listId": 998,
            "listTitle": "Optique",
            "boardId": 110
        },
        {
            "listId": 995,
            "listTitle": "Medesign",
            "boardId": 110
        },
        {
            "listId": 998,
            "listTitle": "Zensure",
            "boardId": 110
        },
        {
            "listId": 996,
            "listTitle": "Endipine",
            "boardId": 110
        },
        {
            "listId": 999,
            "listTitle": "Dyno",
            "boardId": 110
        }
    ],
    "cards": [{
            "cardId": 1117,
            "cardTitle": "Glenn Saunders needs to work with Dotson Griffin and onboard the client to the platform",
            "listId": 992
        },
        {
            "cardId": 1176,
            "cardTitle": "Tammie Gamble needs to work with Olive Knowles and onboard the client to the platform",
            "listId": 993
        },
        {
            "cardId": 1158,
            "cardTitle": "Jimenez Bender needs to work with Shanna Battle and onboard the client to the platform",
            "listId": 997
        },
        {
            "cardId": 1178,
            "cardTitle": "Griffin Rice needs to work with Robinson Decker and onboard the client to the platform",
            "listId": 996
        },
        {
            "cardId": 1119,
            "cardTitle": "Battle Velazquez needs to work with Justine Davenport and onboard the client to the platform",
            "listId": 997
        },
        {
            "cardId": 1154,
            "cardTitle": "Henson Branch needs to work with Raymond Cabrera and onboard the client to the platform",
            "listId": 998
        },
        {
            "cardId": 1182,
            "cardTitle": "Callahan Brooks needs to work with Suarez Mccullough and onboard the client to the platform",
            "listId": 990
        },
        {
            "cardId": 1135,
            "cardTitle": "Billie Hutchinson needs to work with Skinner Watkins and onboard the client to the platform",
            "listId": 995
        },
        {
            "cardId": 1195,
            "cardTitle": "Yvette Fowler needs to work with Rene Ferguson and onboard the client to the platform",
            "listId": 992
        },
        {
            "cardId": 1190,
            "cardTitle": "Roslyn Gilbert needs to work with Galloway Lindsay and onboard the client to the platform",
            "listId": 994
        },
        {
            "cardId": 1182,
            "cardTitle": "Workman Cardenas needs to work with Jordan Joseph and onboard the client to the platform",
            "listId": 996
        },
        {
            "cardId": 1137,
            "cardTitle": "Holman Gilmore needs to work with Melody Franco and onboard the client to the platform",
            "listId": 994
        },
        {
            "cardId": 1140,
            "cardTitle": "Juanita Burnett needs to work with Velasquez Johns and onboard the client to the platform",
            "listId": 1000
        },
        {
            "cardId": 1163,
            "cardTitle": "Angelita Santos needs to work with Lupe Brewer and onboard the client to the platform",
            "listId": 992
        },
        {
            "cardId": 1136,
            "cardTitle": "Rogers May needs to work with Higgins Robbins and onboard the client to the platform",
            "listId": 990
        },
        {
            "cardId": 1126,
            "cardTitle": "Hillary Thompson needs to work with Sweeney Parks and onboard the client to the platform",
            "listId": 994
        },
        {
            "cardId": 1148,
            "cardTitle": "Jewel Long needs to work with Lauren Graham and onboard the client to the platform",
            "listId": 997
        },
        {
            "cardId": 1172,
            "cardTitle": "Horton Carr needs to work with Washington Welch and onboard the client to the platform",
            "listId": 995
        },
        {
            "cardId": 1122,
            "cardTitle": "Holder Swanson needs to work with Florence Walker and onboard the client to the platform",
            "listId": 997
        },
        {
            "cardId": 1179,
            "cardTitle": "Lesley Lamb needs to work with Patrica Perez and onboard the client to the platform",
            "listId": 994
        },
        {
            "cardId": 1179,
            "cardTitle": "Schwartz Tucker needs to work with Tara Webb and onboard the client to the platform",
            "listId": 992
        },
        {
            "cardId": 1107,
            "cardTitle": "Keri Sellers needs to work with Abby Mclaughlin and onboard the client to the platform",
            "listId": 996
        },
        {
            "cardId": 1172,
            "cardTitle": "Lowery Hughes needs to work with Monroe Jarvis and onboard the client to the platform",
            "listId": 999
        },
        {
            "cardId": 1113,
            "cardTitle": "Parks Frank needs to work with Susanne Howe and onboard the client to the platform",
            "listId": 994
        },
        {
            "cardId": 1121,
            "cardTitle": "Isabelle Britt needs to work with Bonnie Reynolds and onboard the client to the platform",
            "listId": 997
        },
        {
            "cardId": 1191,
            "cardTitle": "Eugenia Valenzuela needs to work with Freda Pittman and onboard the client to the platform",
            "listId": 992
        },
        {
            "cardId": 1112,
            "cardTitle": "Blake Stokes needs to work with Patty Singleton and onboard the client to the platform",
            "listId": 993
        },
        {
            "cardId": 1191,
            "cardTitle": "Vaughan Diaz needs to work with Christine Dixon and onboard the client to the platform",
            "listId": 1000
        },
        {
            "cardId": 1146,
            "cardTitle": "Vega Mcmahon needs to work with Snow Burton and onboard the client to the platform",
            "listId": 997
        },
        {
            "cardId": 1137,
            "cardTitle": "Kendra Roberts needs to work with Wyatt Salas and onboard the client to the platform",
            "listId": 992
        },
        {
            "cardId": 1153,
            "cardTitle": "Shirley Irwin needs to work with Henry Wise and onboard the client to the platform",
            "listId": 997
        },
        {
            "cardId": 1171,
            "cardTitle": "Diaz Macias needs to work with Hendrix Kennedy and onboard the client to the platform",
            "listId": 997
        },
        {
            "cardId": 1166,
            "cardTitle": "Marilyn Duffy needs to work with Glover Reyes and onboard the client to the platform",
            "listId": 995
        },
        {
            "cardId": 1188,
            "cardTitle": "Patrice Baldwin needs to work with Dean Weaver and onboard the client to the platform",
            "listId": 994
        },
        {
            "cardId": 1168,
            "cardTitle": "Meyers Chang needs to work with Clay Shaw and onboard the client to the platform",
            "listId": 1000
        },
        {
            "cardId": 1154,
            "cardTitle": "Hunter Murray needs to work with White Mcfarland and onboard the client to the platform",
            "listId": 1060
        },
        {
            "cardId": 1161,
            "cardTitle": "Guadalupe Monroe needs to work with Pearl Wilcox and onboard the client to the platform",
            "listId": 999
        },
        {
            "cardId": 1130,
            "cardTitle": "Mcgee Sawyer needs to work with Beard Clay and onboard the client to the platform",
            "listId": 996
        },
        {
            "cardId": 1163,
            "cardTitle": "Young Rosales needs to work with Annie Pacheco and onboard the client to the platform",
            "listId": 999
        },
        {
            "cardId": 1128,
            "cardTitle": "Eva Whitley needs to work with Dee Fleming and onboard the client to the platform",
            "listId": 997
        },
        {
            "cardId": 1113,
            "cardTitle": "Melba Meyer needs to work with Suzanne Bishop and onboard the client to the platform",
            "listId": 998
        },
        {
            "cardId": 1105,
            "cardTitle": "Chambers Dale needs to work with Moses Hayes and onboard the client to the platform",
            "listId": 992
        },
        {
            "cardId": 1160,
            "cardTitle": "Flora Camacho needs to work with Mckinney Cline and onboard the client to the platform",
            "listId": 994
        },
        {
            "cardId": 1121,
            "cardTitle": "Angeline Lawson needs to work with Clarice Rollins and onboard the client to the platform",
            "listId": 992
        },
        {
            "cardId": 1159,
            "cardTitle": "Phyllis Spence needs to work with Fernandez Stanley and onboard the client to the platform",
            "listId": 996
        },
        {
            "cardId": 1127,
            "cardTitle": "Kathie Wilkerson needs to work with Sanford Mcmillan and onboard the client to the platform",
            "listId": 995
        },
        {
            "cardId": 1121,
            "cardTitle": "Brennan Mercer needs to work with Yolanda Blake and onboard the client to the platform",
            "listId": 993
        },
        {
            "cardId": 1184,
            "cardTitle": "Cotton Dunlap needs to work with Wanda Campbell and onboard the client to the platform",
            "listId": 999
        },
        {
            "cardId": 1180,
            "cardTitle": "Tricia Gross needs to work with Carr Nichols and onboard the client to the platform",
            "listId": 996
        },
        {
            "cardId": 1190,
            "cardTitle": "Krystal Sanders needs to work with Lee Hester and onboard the client to the platform",
            "listId": 999
        },
        {
            "cardId": 1111,
            "cardTitle": "Burris Ashley needs to work with Penny Thornton and onboard the client to the platform",
            "listId": 998
        },
        {
            "cardId": 1165,
            "cardTitle": "Melinda Sharp needs to work with Collins Hess and onboard the client to the platform",
            "listId": 999
        },
        {
            "cardId": 1179,
            "cardTitle": "Vaughn Mckay needs to work with Maxine Patrick and onboard the client to the platform",
            "listId": 994
        },
        {
            "cardId": 1186,
            "cardTitle": "Ursula Armstrong needs to work with Alejandra Walls and onboard the client to the platform",
            "listId": 998
        },
        {
            "cardId": 1127,
            "cardTitle": "Misty Fulton needs to work with Brock Harris and onboard the client to the platform",
            "listId": 997
        },
        {
            "cardId": 1139,
            "cardTitle": "Francisca Hill needs to work with Guzman Stuart and onboard the client to the platform",
            "listId": 992
        },
        {
            "cardId": 1179,
            "cardTitle": "Parrish Moreno needs to work with Helen Day and onboard the client to the platform",
            "listId": 1000
        },
        {
            "cardId": 1116,
            "cardTitle": "Love Merritt needs to work with Mcintyre Martin and onboard the client to the platform",
            "listId": 996
        },
        {
            "cardId": 1181,
            "cardTitle": "Ray Jennings needs to work with Elva Moss and onboard the client to the platform",
            "listId": 999
        },
        {
            "cardId": 1153,
            "cardTitle": "Johnson Schultz needs to work with Lydia Travis and onboard the client to the platform",
            "listId": 994
        },
        {
            "cardId": 1148,
            "cardTitle": "Mccray Browning needs to work with Schneider Howard and onboard the client to the platform",
            "listId": 999
        },
        {
            "cardId": 1140,
            "cardTitle": "Velez Phillips needs to work with Olson Casey and onboard the client to the platform",
            "listId": 999
        },
        {
            "cardId": 1129,
            "cardTitle": "Dawson Matthews needs to work with Tamara Cooke and onboard the client to the platform",
            "listId": 998
        },
        {
            "cardId": 1140,
            "cardTitle": "Ginger Galloway needs to work with Randall Clayton and onboard the client to the platform",
            "listId": 1000
        },
        {
            "cardId": 1147,
            "cardTitle": "Briggs Washington needs to work with Lott Morgan and onboard the client to the platform",
            "listId": 996
        },
        {
            "cardId": 1165,
            "cardTitle": "Gale Gentry needs to work with Lara Dunn and onboard the client to the platform",
            "listId": 999
        },
        {
            "cardId": 1181,
            "cardTitle": "Sheppard Goodwin needs to work with Shepherd Lang and onboard the client to the platform",
            "listId": 990
        },
        {
            "cardId": 1105,
            "cardTitle": "Newman French needs to work with Lindsey Mejia and onboard the client to the platform",
            "listId": 995
        },
        {
            "cardId": 1109,
            "cardTitle": "Fletcher Oneil needs to work with Flossie Orr and onboard the client to the platform",
            "listId": 995
        },
        {
            "cardId": 1147,
            "cardTitle": "Bryan Howell needs to work with Hayes Wong and onboard the client to the platform",
            "listId": 999
        },
        {
            "cardId": 1176,
            "cardTitle": "Randolph Case needs to work with Guy Moody and onboard the client to the platform",
            "listId": 996
        },
        {
            "cardId": 1173,
            "cardTitle": "Miranda Mathews needs to work with Willis Melton and onboard the client to the platform",
            "listId": 999
        },
        {
            "cardId": 1123,
            "cardTitle": "Bowers Simpson needs to work with Hobbs Ramirez and onboard the client to the platform",
            "listId": 999
        },
        {
            "cardId": 1176,
            "cardTitle": "Jerri Wilkins needs to work with Ford Boyd and onboard the client to the platform",
            "listId": 1000
        },
        {
            "cardId": 1110,
            "cardTitle": "Kane Schmidt needs to work with Wood Cotton and onboard the client to the platform",
            "listId": 990
        },
        {
            "cardId": 1140,
            "cardTitle": "Farley Mcknight needs to work with Hull Bartlett and onboard the client to the platform",
            "listId": 992
        },
        {
            "cardId": 1109,
            "cardTitle": "Serena Trujillo needs to work with Bonita Barton and onboard the client to the platform",
            "listId": 994
        },
        {
            "cardId": 1168,
            "cardTitle": "Mabel Whitney needs to work with Pearson Robinson and onboard the client to the platform",
            "listId": 997
        },
        {
            "cardId": 1140,
            "cardTitle": "Maldonado Carrillo needs to work with Dona Holmes and onboard the client to the platform",
            "listId": 994
        },
        {
            "cardId": 1179,
            "cardTitle": "Mercedes Sharpe needs to work with Cardenas Compton and onboard the client to the platform",
            "listId": 998
        },
        {
            "cardId": 1147,
            "cardTitle": "Alisha Cleveland needs to work with Tami Bentley and onboard the client to the platform",
            "listId": 996
        },
        {
            "cardId": 1125,
            "cardTitle": "Anna Hansen needs to work with Doyle Newton and onboard the client to the platform",
            "listId": 999
        },
        {
            "cardId": 1111,
            "cardTitle": "Webb Forbes needs to work with Coleman Mayer and onboard the client to the platform",
            "listId": 1000
        },
        {
            "cardId": 1115,
            "cardTitle": "Mcdowell Hampton needs to work with Pitts Newman and onboard the client to the platform",
            "listId": 997
        },
        {
            "cardId": 1110,
            "cardTitle": "Walsh Kemp needs to work with Stevens Mcguire and onboard the client to the platform",
            "listId": 992
        },
        {
            "cardId": 1102,
            "cardTitle": "Morton Hahn needs to work with Stone English and onboard the client to the platform",
            "listId": 996
        },
        {
            "cardId": 1115,
            "cardTitle": "Nguyen Roth needs to work with Houston Barrett and onboard the client to the platform",
            "listId": 996
        },
        {
            "cardId": 1112,
            "cardTitle": "Courtney Lancaster needs to work with Fuentes Brock and onboard the client to the platform",
            "listId": 999
        },
        {
            "cardId": 1177,
            "cardTitle": "Beth Colon needs to work with Michael Levine and onboard the client to the platform",
            "listId": 990
        },
        {
            "cardId": 1103,
            "cardTitle": "Gibson Small needs to work with Brooke Alvarez and onboard the client to the platform",
            "listId": 996
        },
        {
            "cardId": 1174,
            "cardTitle": "Tasha Roy needs to work with Peterson Flynn and onboard the client to the platform",
            "listId": 999
        },
        {
            "cardId": 1152,
            "cardTitle": "Reyes Grant needs to work with Price Henson and onboard the client to the platform",
            "listId": 997
        },
        {
            "cardId": 1151,
            "cardTitle": "Carly Huber needs to work with Ann Salazar and onboard the client to the platform",
            "listId": 993
        },
        {
            "cardId": 1127,
            "cardTitle": "Stephenson Raymond needs to work with Eula Austin and onboard the client to the platform",
            "listId": 992
        },
        {
            "cardId": 1103,
            "cardTitle": "Priscilla Dudley needs to work with Woodward Medina and onboard the client to the platform",
            "listId": 990
        },
        {
            "cardId": 1119,
            "cardTitle": "Terry Dotson needs to work with Reid Dalton and onboard the client to the platform",
            "listId": 996
        },
        {
            "cardId": 1123,
            "cardTitle": "Kimberly Cantrell needs to work with Peggy Briggs and onboard the client to the platform",
            "listId": 999
        },
        {
            "cardId": 1162,
            "cardTitle": "Wiggins Hendricks needs to work with Newton Joyce and onboard the client to the platform",
            "listId": 993
        },
        {
            "cardId": 1179,
            "cardTitle": "Howe Romero needs to work with Marsha Haney and onboard the client to the platform",
            "listId": 1000
        },
        {
            "cardId": 1151,
            "cardTitle": "Hamilton Wilder needs to work with Dana Cohen and onboard the client to the platform",
            "listId": 994
        }
    ],
    "comments": [{
            "commentId": 1599,
            "commentText": "Kent Cole is using the green version of the platform.",
            "cardId": 1156
        },
        {
            "commentId": 1557,
            "commentText": "Mayra Pope is using the green version of the platform.",
            "cardId": 1124
        },
        {
            "commentId": 1599,
            "commentText": "Fitzgerald Hardin is using the red version of the platform.",
            "cardId": 1111
        },
        {
            "commentId": 1547,
            "commentText": "Gilbert Sosa is using the green version of the platform.",
            "cardId": 1159
        },
        {
            "commentId": 1600,
            "commentText": "Brown Landry is using the blue version of the platform.",
            "cardId": 1120
        },
        {
            "commentId": 1582,
            "commentText": "Jacobson Hodge is using the green version of the platform.",
            "cardId": 1137
        },
        {
            "commentId": 1518,
            "commentText": "Guerra Ellison is using the blue version of the platform.",
            "cardId": 1110
        },
        {
            "commentId": 1514,
            "commentText": "Lolita Kane is using the red version of the platform.",
            "cardId": 1123
        },
        {
            "commentId": 1511,
            "commentText": "Freeman Young is using the red version of the platform.",
            "cardId": 1179
        },
        {
            "commentId": 1560,
            "commentText": "Charlotte Maddox is using the red version of the platform.",
            "cardId": 1100
        },
        {
            "commentId": 1513,
            "commentText": "Steele Todd is using the red version of the platform.",
            "cardId": 1121
        },
        {
            "commentId": 1520,
            "commentText": "Corinne Sherman is using the red version of the platform.",
            "cardId": 1115
        },
        {
            "commentId": 1506,
            "commentText": "Sosa Frye is using the green version of the platform.",
            "cardId": 1178
        },
        {
            "commentId": 1531,
            "commentText": "Ingrid Humphrey is using the blue version of the platform.",
            "cardId": 1162
        },
        {
            "commentId": 1561,
            "commentText": "Horne Scott is using the blue version of the platform.",
            "cardId": 1101
        },
        {
            "commentId": 1550,
            "commentText": "Melton Logan is using the blue version of the platform.",
            "cardId": 1125
        },
        {
            "commentId": 1574,
            "commentText": "Shelia Bray is using the green version of the platform.",
            "cardId": 1115
        },
        {
            "commentId": 1518,
            "commentText": "Maribel Silva is using the green version of the platform.",
            "cardId": 1146
        },
        {
            "commentId": 1584,
            "commentText": "Cindy Salinas is using the green version of the platform.",
            "cardId": 1180
        },
        {
            "commentId": 1525,
            "commentText": "Ochoa Sexton is using the blue version of the platform.",
            "cardId": 1133
        },
        {
            "commentId": 1504,
            "commentText": "Spence Marshall is using the blue version of the platform.",
            "cardId": 1118
        },
        {
            "commentId": 1533,
            "commentText": "Flynn Mann is using the red version of the platform.",
            "cardId": 1142
        },
        {
            "commentId": 1512,
            "commentText": "Herrera Copeland is using the red version of the platform.",
            "cardId": 1102
        },
        {
            "commentId": 1525,
            "commentText": "Beatriz Avery is using the green version of the platform.",
            "cardId": 1161
        },
        {
            "commentId": 1570,
            "commentText": "Boone Noble is using the green version of the platform.",
            "cardId": 1180
        },
        {
            "commentId": 1589,
            "commentText": "Frazier Kelly is using the blue version of the platform.",
            "cardId": 1200
        },
        {
            "commentId": 1592,
            "commentText": "Elsa Fuentes is using the blue version of the platform.",
            "cardId": 1124
        },
        {
            "commentId": 1532,
            "commentText": "Bonner Solis is using the red version of the platform.",
            "cardId": 1132
        },
        {
            "commentId": 1572,
            "commentText": "Maggie Valencia is using the green version of the platform.",
            "cardId": 1167
        },
        {
            "commentId": 1521,
            "commentText": "Prince Elliott is using the green version of the platform.",
            "cardId": 1157
        },
        {
            "commentId": 1567,
            "commentText": "Summers Walter is using the green version of the platform.",
            "cardId": 1170
        },
        {
            "commentId": 1529,
            "commentText": "Luella Garcia is using the blue version of the platform.",
            "cardId": 1180
        },
        {
            "commentId": 1505,
            "commentText": "Johnston Lester is using the blue version of the platform.",
            "cardId": 1137
        },
        {
            "commentId": 1520,
            "commentText": "Lela Yang is using the blue version of the platform.",
            "cardId": 1133
        },
        {
            "commentId": 1580,
            "commentText": "Kaufman Mcdonald is using the blue version of the platform.",
            "cardId": 1126
        },
        {
            "commentId": 1540,
            "commentText": "Jo Barrera is using the red version of the platform.",
            "cardId": 1129
        },
        {
            "commentId": 1535,
            "commentText": "Mcconnell Rodriquez is using the green version of the platform.",
            "cardId": 1185
        },
        {
            "commentId": 1522,
            "commentText": "Blackburn Lopez is using the red version of the platform.",
            "cardId": 1194
        },
        {
            "commentId": 1530,
            "commentText": "Vera Kirkland is using the green version of the platform.",
            "cardId": 1136
        },
        {
            "commentId": 1587,
            "commentText": "Noel Zamora is using the red version of the platform.",
            "cardId": 1136
        },
        {
            "commentId": 1541,
            "commentText": "Riley Crane is using the blue version of the platform.",
            "cardId": 1179
        },
        {
            "commentId": 1531,
            "commentText": "Goff Michael is using the red version of the platform.",
            "cardId": 1188
        },
        {
            "commentId": 1513,
            "commentText": "Susanna Tyler is using the red version of the platform.",
            "cardId": 1123
        },
        {
            "commentId": 1598,
            "commentText": "Verna Blanchard is using the red version of the platform.",
            "cardId": 1151
        },
        {
            "commentId": 1512,
            "commentText": "Black Bright is using the green version of the platform.",
            "cardId": 1171
        },
        {
            "commentId": 1533,
            "commentText": "Lynch Pace is using the blue version of the platform.",
            "cardId": 1136
        },
        {
            "commentId": 1564,
            "commentText": "Finley Hebert is using the blue version of the platform.",
            "cardId": 1130
        },
        {
            "commentId": 1585,
            "commentText": "Denise Poole is using the red version of the platform.",
            "cardId": 1184
        },
        {
            "commentId": 1511,
            "commentText": "Irene Crawford is using the red version of the platform.",
            "cardId": 1168
        },
        {
            "commentId": 1557,
            "commentText": "Elinor Hensley is using the green version of the platform.",
            "cardId": 1186
        },
        {
            "commentId": 1500,
            "commentText": "Leola Blair is using the blue version of the platform.",
            "cardId": 1193
        },
        {
            "commentId": 1555,
            "commentText": "Leticia Hayden is using the green version of the platform.",
            "cardId": 1121
        },
        {
            "commentId": 1547,
            "commentText": "Lucille Stein is using the red version of the platform.",
            "cardId": 1128
        },
        {
            "commentId": 1520,
            "commentText": "Davis Mccall is using the red version of the platform.",
            "cardId": 1147
        },
        {
            "commentId": 1531,
            "commentText": "Kristine Schneider is using the blue version of the platform.",
            "cardId": 1112
        },
        {
            "commentId": 1513,
            "commentText": "Caroline Bridges is using the blue version of the platform.",
            "cardId": 1193
        },
        {
            "commentId": 1539,
            "commentText": "Holcomb Holloway is using the green version of the platform.",
            "cardId": 1102
        },
        {
            "commentId": 1501,
            "commentText": "Ferguson Farley is using the red version of the platform.",
            "cardId": 1163
        },
        {
            "commentId": 1598,
            "commentText": "Wilkinson Savage is using the blue version of the platform.",
            "cardId": 1172
        },
        {
            "commentId": 1558,
            "commentText": "Medina Adams is using the green version of the platform.",
            "cardId": 1135
        },
        {
            "commentId": 1511,
            "commentText": "Sheila Reilly is using the red version of the platform.",
            "cardId": 1186
        },
        {
            "commentId": 1600,
            "commentText": "Forbes Wright is using the red version of the platform.",
            "cardId": 1119
        },
        {
            "commentId": 1532,
            "commentText": "Ruth Benton is using the blue version of the platform.",
            "cardId": 1117
        },
        {
            "commentId": 1528,
            "commentText": "Bobbi Flowers is using the green version of the platform.",
            "cardId": 1108
        },
        {
            "commentId": 1594,
            "commentText": "Celina Stout is using the green version of the platform.",
            "cardId": 1154
        },
        {
            "commentId": 1567,
            "commentText": "Carter Maynard is using the red version of the platform.",
            "cardId": 1119
        },
        {
            "commentId": 1515,
            "commentText": "Lorene Hamilton is using the green version of the platform.",
            "cardId": 1135
        },
        {
            "commentId": 1554,
            "commentText": "Ilene Bell is using the green version of the platform.",
            "cardId": 1157
        },
        {
            "commentId": 1583,
            "commentText": "Howard Burch is using the red version of the platform.",
            "cardId": 1100
        },
        {
            "commentId": 1582,
            "commentText": "Mcclure Carter is using the blue version of the platform.",
            "cardId": 1141
        },
        {
            "commentId": 1585,
            "commentText": "Salas Herring is using the green version of the platform.",
            "cardId": 1151
        },
        {
            "commentId": 1557,
            "commentText": "Rodriguez Clemons is using the green version of the platform.",
            "cardId": 1118
        },
        {
            "commentId": 1533,
            "commentText": "Stafford Blackburn is using the green version of the platform.",
            "cardId": 1104
        },
        {
            "commentId": 1522,
            "commentText": "Weaver Craig is using the green version of the platform.",
            "cardId": 1169
        },
        {
            "commentId": 1590,
            "commentText": "Bettie Tillman is using the red version of the platform.",
            "cardId": 1107
        },
        {
            "commentId": 1549,
            "commentText": "Carpenter Cobb is using the blue version of the platform.",
            "cardId": 1103
        },
        {
            "commentId": 1571,
            "commentText": "Conrad Mcleod is using the green version of the platform.",
            "cardId": 1135
        },
        {
            "commentId": 1552,
            "commentText": "Katelyn Ewing is using the green version of the platform.",
            "cardId": 1131
        },
        {
            "commentId": 1597,
            "commentText": "Alice Dejesus is using the red version of the platform.",
            "cardId": 1180
        },
        {
            "commentId": 1503,
            "commentText": "Adela Spears is using the green version of the platform.",
            "cardId": 1162
        },
        {
            "commentId": 1504,
            "commentText": "Walls Carey is using the blue version of the platform.",
            "cardId": 1196
        },
        {
            "commentId": 1504,
            "commentText": "Hubbard Emerson is using the blue version of the platform.",
            "cardId": 1183
        },
        {
            "commentId": 1599,
            "commentText": "Jodi Riddle is using the green version of the platform.",
            "cardId": 1199
        },
        {
            "commentId": 1505,
            "commentText": "Carroll Strong is using the blue version of the platform.",
            "cardId": 1109
        },
        {
            "commentId": 1519,
            "commentText": "Sheri Short is using the red version of the platform.",
            "cardId": 1119
        },
        {
            "commentId": 1574,
            "commentText": "Lena Arnold is using the green version of the platform.",
            "cardId": 1156
        },
        {
            "commentId": 1578,
            "commentText": "Sexton Simon is using the red version of the platform.",
            "cardId": 1197
        },
        {
            "commentId": 1543,
            "commentText": "Knox Mullen is using the red version of the platform.",
            "cardId": 1160
        },
        {
            "commentId": 1531,
            "commentText": "Melisa Barber is using the blue version of the platform.",
            "cardId": 1191
        },
        {
            "commentId": 1510,
            "commentText": "Sims Coleman is using the red version of the platform.",
            "cardId": 1128
        },
        {
            "commentId": 1573,
            "commentText": "Warren Dyer is using the blue version of the platform.",
            "cardId": 1127
        },
        {
            "commentId": 1548,
            "commentText": "Gonzalez Mcgee is using the green version of the platform.",
            "cardId": 1132
        },
        {
            "commentId": 1584,
            "commentText": "Hampton Nolan is using the green version of the platform.",
            "cardId": 1182
        },
        {
            "commentId": 1506,
            "commentText": "Luna Ford is using the red version of the platform.",
            "cardId": 1135
        },
        {
            "commentId": 1575,
            "commentText": "Nina Cannon is using the green version of the platform.",
            "cardId": 1190
        },
        {
            "commentId": 1550,
            "commentText": "Hill Phelps is using the red version of the platform.",
            "cardId": 1170
        },
        {
            "commentId": 1505,
            "commentText": "Chandler Cervantes is using the green version of the platform.",
            "cardId": 1124
        },
        {
            "commentId": 1535,
            "commentText": "Hicks Gilliam is using the green version of the platform.",
            "cardId": 1142
        },
        {
            "commentId": 1508,
            "commentText": "Hines Frederick is using the blue version of the platform.",
            "cardId": 1186
        },
        {
            "commentId": 1535,
            "commentText": "Tammy Henderson is using the red version of the platform.",
            "cardId": 1141
        },
        {
            "commentId": 1595,
            "commentText": "Beryl Duncan is using the blue version of the platform.",
            "cardId": 1194
        },
        {
            "commentId": 1582,
            "commentText": "Graves Osborne is using the blue version of the platform.",
            "cardId": 1167
        },
        {
            "commentId": 1508,
            "commentText": "Hughes Roach is using the blue version of the platform.",
            "cardId": 1160
        },
        {
            "commentId": 1522,
            "commentText": "Ingram Wolf is using the green version of the platform.",
            "cardId": 1130
        },
        {
            "commentId": 1594,
            "commentText": "Mercado Carver is using the red version of the platform.",
            "cardId": 1103
        },
        {
            "commentId": 1517,
            "commentText": "Kathrine Watts is using the green version of the platform.",
            "cardId": 1195
        },
        {
            "commentId": 1509,
            "commentText": "Mathews Lucas is using the red version of the platform.",
            "cardId": 1103
        },
        {
            "commentId": 1547,
            "commentText": "Benita Buck is using the red version of the platform.",
            "cardId": 1103
        },
        {
            "commentId": 1507,
            "commentText": "Buchanan Wooten is using the blue version of the platform.",
            "cardId": 1165
        },
        {
            "commentId": 1555,
            "commentText": "Clarke Serrano is using the red version of the platform.",
            "cardId": 1166
        },
        {
            "commentId": 1547,
            "commentText": "Amie Davidson is using the red version of the platform.",
            "cardId": 1180
        },
        {
            "commentId": 1572,
            "commentText": "Melva Fields is using the red version of the platform.",
            "cardId": 1104
        },
        {
            "commentId": 1579,
            "commentText": "Blevins Castillo is using the red version of the platform.",
            "cardId": 1108
        },
        {
            "commentId": 1578,
            "commentText": "Crystal Berger is using the green version of the platform.",
            "cardId": 1102
        },
        {
            "commentId": 1555,
            "commentText": "Carol Fry is using the green version of the platform.",
            "cardId": 1131
        },
        {
            "commentId": 1555,
            "commentText": "Alba Cain is using the blue version of the platform.",
            "cardId": 1160
        },
        {
            "commentId": 1570,
            "commentText": "Reva Slater is using the blue version of the platform.",
            "cardId": 1157
        },
        {
            "commentId": 1507,
            "commentText": "Spencer Harrington is using the red version of the platform.",
            "cardId": 1103
        },
        {
            "commentId": 1521,
            "commentText": "Hardy Mills is using the blue version of the platform.",
            "cardId": 1145
        },
        {
            "commentId": 1531,
            "commentText": "Baldwin Sparks is using the red version of the platform.",
            "cardId": 1114
        },
        {
            "commentId": 1552,
            "commentText": "Nadia Patterson is using the red version of the platform.",
            "cardId": 1162
        },
        {
            "commentId": 1517,
            "commentText": "Roberson Horton is using the green version of the platform.",
            "cardId": 1137
        },
        {
            "commentId": 1513,
            "commentText": "Faulkner Cash is using the blue version of the platform.",
            "cardId": 1114
        },
        {
            "commentId": 1594,
            "commentText": "Herring Justice is using the green version of the platform.",
            "cardId": 1126
        },
        {
            "commentId": 1525,
            "commentText": "Rosalinda Vinson is using the red version of the platform.",
            "cardId": 1107
        },
        {
            "commentId": 1540,
            "commentText": "Molly Foster is using the green version of the platform.",
            "cardId": 1151
        },
        {
            "commentId": 1592,
            "commentText": "Booth Bailey is using the green version of the platform.",
            "cardId": 1160
        },
        {
            "commentId": 1531,
            "commentText": "Martha Sweeney is using the red version of the platform.",
            "cardId": 1185
        },
        {
            "commentId": 1551,
            "commentText": "Chaney Spencer is using the blue version of the platform.",
            "cardId": 1127
        },
        {
            "commentId": 1571,
            "commentText": "Gross Vargas is using the green version of the platform.",
            "cardId": 1142
        },
        {
            "commentId": 1588,
            "commentText": "Gladys Guthrie is using the blue version of the platform.",
            "cardId": 1164
        },
        {
            "commentId": 1563,
            "commentText": "Ava Middleton is using the green version of the platform.",
            "cardId": 1123
        },
        {
            "commentId": 1560,
            "commentText": "Bray Atkinson is using the red version of the platform.",
            "cardId": 1190
        },
        {
            "commentId": 1573,
            "commentText": "Willie Calderon is using the red version of the platform.",
            "cardId": 1152
        },
        {
            "commentId": 1553,
            "commentText": "Justice Combs is using the red version of the platform.",
            "cardId": 1157
        },
        {
            "commentId": 1569,
            "commentText": "Tammi Kerr is using the red version of the platform.",
            "cardId": 1127
        },
        {
            "commentId": 1590,
            "commentText": "Zimmerman Fernandez is using the blue version of the platform.",
            "cardId": 1151
        },
        {
            "commentId": 1535,
            "commentText": "Helene Navarro is using the green version of the platform.",
            "cardId": 1146
        },
        {
            "commentId": 1585,
            "commentText": "Beck Hewitt is using the red version of the platform.",
            "cardId": 1169
        },
        {
            "commentId": 1551,
            "commentText": "Lyons Nunez is using the blue version of the platform.",
            "cardId": 1136
        },
        {
            "commentId": 1559,
            "commentText": "Sylvia Booth is using the red version of the platform.",
            "cardId": 1175
        },
        {
            "commentId": 1576,
            "commentText": "Sophie Rowland is using the red version of the platform.",
            "cardId": 1181
        },
        {
            "commentId": 1579,
            "commentText": "Jarvis Fox is using the green version of the platform.",
            "cardId": 1133
        },
        {
            "commentId": 1589,
            "commentText": "Rich Byers is using the blue version of the platform.",
            "cardId": 1129
        },
        {
            "commentId": 1511,
            "commentText": "Carolyn Hale is using the green version of the platform.",
            "cardId": 1192
        },
        {
            "commentId": 1566,
            "commentText": "Esther Charles is using the green version of the platform.",
            "cardId": 1111
        },
        {
            "commentId": 1553,
            "commentText": "Nunez Underwood is using the red version of the platform.",
            "cardId": 1149
        },
        {
            "commentId": 1592,
            "commentText": "Imogene Davis is using the blue version of the platform.",
            "cardId": 1117
        },
        {
            "commentId": 1594,
            "commentText": "Beverly Sloan is using the blue version of the platform.",
            "cardId": 1114
        },
        {
            "commentId": 1581,
            "commentText": "Bradley Stephenson is using the red version of the platform.",
            "cardId": 1105
        },
        {
            "commentId": 1548,
            "commentText": "Latonya Shaffer is using the red version of the platform.",
            "cardId": 1134
        },
        {
            "commentId": 1536,
            "commentText": "Florine Guy is using the red version of the platform.",
            "cardId": 1188
        },
        {
            "commentId": 1578,
            "commentText": "Ryan Lynch is using the green version of the platform.",
            "cardId": 1121
        },
        {
            "commentId": 1583,
            "commentText": "Shaw Nelson is using the green version of the platform.",
            "cardId": 1177
        },
        {
            "commentId": 1511,
            "commentText": "Brianna Simmons is using the red version of the platform.",
            "cardId": 1128
        },
        {
            "commentId": 1592,
            "commentText": "Anderson Morrow is using the blue version of the platform.",
            "cardId": 1164
        },
        {
            "commentId": 1519,
            "commentText": "Cleveland Vance is using the red version of the platform.",
            "cardId": 1187
        },
        {
            "commentId": 1509,
            "commentText": "Dorothea Schroeder is using the green version of the platform.",
            "cardId": 1111
        },
        {
            "commentId": 1546,
            "commentText": "Wong Edwards is using the blue version of the platform.",
            "cardId": 1180
        },
        {
            "commentId": 1595,
            "commentText": "Santos Delgado is using the blue version of the platform.",
            "cardId": 1181
        },
        {
            "commentId": 1540,
            "commentText": "Banks Erickson is using the red version of the platform.",
            "cardId": 1191
        },
        {
            "commentId": 1515,
            "commentText": "Carmen Wilkinson is using the green version of the platform.",
            "cardId": 1165
        },
        {
            "commentId": 1569,
            "commentText": "Loraine Clements is using the red version of the platform.",
            "cardId": 1140
        },
        {
            "commentId": 1548,
            "commentText": "Gail Gordon is using the blue version of the platform.",
            "cardId": 1196
        },
        {
            "commentId": 1590,
            "commentText": "Rosemary Dominguez is using the green version of the platform.",
            "cardId": 1180
        },
        {
            "commentId": 1554,
            "commentText": "June Mckinney is using the green version of the platform.",
            "cardId": 1130
        },
        {
            "commentId": 1576,
            "commentText": "Lori Gould is using the blue version of the platform.",
            "cardId": 1148
        },
        {
            "commentId": 1576,
            "commentText": "Kathy Henry is using the blue version of the platform.",
            "cardId": 1191
        },
        {
            "commentId": 1500,
            "commentText": "Keisha Durham is using the blue version of the platform.",
            "cardId": 1128
        },
        {
            "commentId": 1525,
            "commentText": "Mcbride Carlson is using the red version of the platform.",
            "cardId": 1173
        },
        {
            "commentId": 1557,
            "commentText": "Erin Gonzalez is using the green version of the platform.",
            "cardId": 1145
        },
        {
            "commentId": 1593,
            "commentText": "Daniels Ayala is using the blue version of the platform.",
            "cardId": 1123
        },
        {
            "commentId": 1556,
            "commentText": "Bender Odonnell is using the green version of the platform.",
            "cardId": 1124
        },
        {
            "commentId": 1575,
            "commentText": "Payne Wallace is using the green version of the platform.",
            "cardId": 1104
        },
        {
            "commentId": 1555,
            "commentText": "Shelton Frazier is using the red version of the platform.",
            "cardId": 1183
        },
        {
            "commentId": 1530,
            "commentText": "Quinn Koch is using the green version of the platform.",
            "cardId": 1132
        },
        {
            "commentId": 1515,
            "commentText": "Robin Avila is using the blue version of the platform.",
            "cardId": 1191
        },
        {
            "commentId": 1593,
            "commentText": "Christy Dennis is using the red version of the platform.",
            "cardId": 1189
        },
        {
            "commentId": 1580,
            "commentText": "Davenport Harding is using the green version of the platform.",
            "cardId": 1146
        },
        {
            "commentId": 1600,
            "commentText": "Becky Gibbs is using the blue version of the platform.",
            "cardId": 1148
        },
        {
            "commentId": 1531,
            "commentText": "Danielle Buchanan is using the blue version of the platform.",
            "cardId": 1145
        },
        {
            "commentId": 1599,
            "commentText": "Nell Mosley is using the green version of the platform.",
            "cardId": 1134
        },
        {
            "commentId": 1597,
            "commentText": "Veronica Norman is using the green version of the platform.",
            "cardId": 1151
        },
        {
            "commentId": 1552,
            "commentText": "Leona Stanton is using the red version of the platform.",
            "cardId": 1181
        },
        {
            "commentId": 1525,
            "commentText": "Christian Paul is using the blue version of the platform.",
            "cardId": 1195
        },
        {
            "commentId": 1554,
            "commentText": "Debora Gallagher is using the red version of the platform.",
            "cardId": 1126
        },
        {
            "commentId": 1529,
            "commentText": "Ruiz Fitzgerald is using the red version of the platform.",
            "cardId": 1197
        },
        {
            "commentId": 1576,
            "commentText": "Jeannette Maldonado is using the blue version of the platform.",
            "cardId": 1100
        },
        {
            "commentId": 1566,
            "commentText": "Jenifer Ortega is using the blue version of the platform.",
            "cardId": 1181
        },
        {
            "commentId": 1522,
            "commentText": "Chen Espinoza is using the green version of the platform.",
            "cardId": 1144
        },
        {
            "commentId": 1576,
            "commentText": "Gonzales Gates is using the green version of the platform.",
            "cardId": 1183
        },
        {
            "commentId": 1571,
            "commentText": "Catalina Bernard is using the red version of the platform.",
            "cardId": 1145
        },
        {
            "commentId": 1589,
            "commentText": "Branch Walsh is using the blue version of the platform.",
            "cardId": 1177
        },
        {
            "commentId": 1594,
            "commentText": "James Juarez is using the green version of the platform.",
            "cardId": 1198
        },
        {
            "commentId": 1562,
            "commentText": "Earline Potts is using the blue version of the platform.",
            "cardId": 1178
        },
        {
            "commentId": 1569,
            "commentText": "Williams Guerrero is using the green version of the platform.",
            "cardId": 1164
        },
        {
            "commentId": 1514,
            "commentText": "Bird Barker is using the green version of the platform.",
            "cardId": 1145
        },
        {
            "commentId": 1501,
            "commentText": "Bruce Fitzpatrick is using the red version of the platform.",
            "cardId": 1187
        },
        {
            "commentId": 1577,
            "commentText": "Wells Harmon is using the red version of the platform.",
            "cardId": 1167
        },
        {
            "commentId": 1558,
            "commentText": "Keller Torres is using the green version of the platform.",
            "cardId": 1200
        },
        {
            "commentId": 1527,
            "commentText": "Simon Castaneda is using the green version of the platform.",
            "cardId": 1145
        },
        {
            "commentId": 1579,
            "commentText": "Savannah Hendrix is using the red version of the platform.",
            "cardId": 1159
        },
        {
            "commentId": 1503,
            "commentText": "Robertson Duran is using the blue version of the platform.",
            "cardId": 1108
        },
        {
            "commentId": 1568,
            "commentText": "Phoebe Mccormick is using the green version of the platform.",
            "cardId": 1155
        },
        {
            "commentId": 1581,
            "commentText": "Austin Schwartz is using the green version of the platform.",
            "cardId": 1191
        },
        {
            "commentId": 1541,
            "commentText": "Audra Waller is using the green version of the platform.",
            "cardId": 1133
        },
        {
            "commentId": 1511,
            "commentText": "Hyde Mayo is using the red version of the platform.",
            "cardId": 1139
        },
        {
            "commentId": 1589,
            "commentText": "Jeannie Meyers is using the red version of the platform.",
            "cardId": 1130
        },
        {
            "commentId": 1590,
            "commentText": "Simmons Taylor is using the red version of the platform.",
            "cardId": 1158
        },
        {
            "commentId": 1529,
            "commentText": "Chelsea Lowery is using the blue version of the platform.",
            "cardId": 1129
        },
        {
            "commentId": 1577,
            "commentText": "Silva Stark is using the blue version of the platform.",
            "cardId": 1167
        },
        {
            "commentId": 1547,
            "commentText": "Woodard Marquez is using the blue version of the platform.",
            "cardId": 1194
        },
        {
            "commentId": 1557,
            "commentText": "Mullen Oneal is using the green version of the platform.",
            "cardId": 1186
        },
        {
            "commentId": 1553,
            "commentText": "Cross Haynes is using the blue version of the platform.",
            "cardId": 1177
        },
        {
            "commentId": 1518,
            "commentText": "Karen Whitfield is using the blue version of the platform.",
            "cardId": 1194
        },
        {
            "commentId": 1504,
            "commentText": "Mccall Lindsey is using the red version of the platform.",
            "cardId": 1173
        },
        {
            "commentId": 1579,
            "commentText": "Angela Farrell is using the green version of the platform.",
            "cardId": 1157
        },
        {
            "commentId": 1536,
            "commentText": "Koch Shannon is using the green version of the platform.",
            "cardId": 1131
        },
        {
            "commentId": 1551,
            "commentText": "Antonia Hancock is using the red version of the platform.",
            "cardId": 1161
        },
        {
            "commentId": 1502,
            "commentText": "Tameka Padilla is using the green version of the platform.",
            "cardId": 1191
        },
        {
            "commentId": 1562,
            "commentText": "Lauri Vang is using the green version of the platform.",
            "cardId": 1175
        },
        {
            "commentId": 1557,
            "commentText": "Delgado Parrish is using the red version of the platform.",
            "cardId": 1189
        },
        {
            "commentId": 1594,
            "commentText": "Rosales Hurley is using the red version of the platform.",
            "cardId": 1135
        },
        {
            "commentId": 1581,
            "commentText": "Deann Hurst is using the blue version of the platform.",
            "cardId": 1100
        },
        {
            "commentId": 1571,
            "commentText": "Jill Rocha is using the blue version of the platform.",
            "cardId": 1121
        },
        {
            "commentId": 1599,
            "commentText": "Giles Cote is using the blue version of the platform.",
            "cardId": 1113
        },
        {
            "commentId": 1594,
            "commentText": "Nixon Montoya is using the red version of the platform.",
            "cardId": 1145
        },
        {
            "commentId": 1569,
            "commentText": "Fanny Stevens is using the red version of the platform.",
            "cardId": 1108
        },
        {
            "commentId": 1513,
            "commentText": "Vinson Castro is using the blue version of the platform.",
            "cardId": 1180
        },
        {
            "commentId": 1593,
            "commentText": "Wilcox Shepard is using the green version of the platform.",
            "cardId": 1116
        },
        {
            "commentId": 1565,
            "commentText": "Jennie Olsen is using the green version of the platform.",
            "cardId": 1101
        },
        {
            "commentId": 1525,
            "commentText": "Alexis Wilson is using the red version of the platform.",
            "cardId": 1100
        },
        {
            "commentId": 1520,
            "commentText": "Long House is using the blue version of the platform.",
            "cardId": 1196
        },
        {
            "commentId": 1588,
            "commentText": "Berta Delaney is using the green version of the platform.",
            "cardId": 1115
        },
        {
            "commentId": 1544,
            "commentText": "Robbins Bauer is using the green version of the platform.",
            "cardId": 1188
        },
        {
            "commentId": 1578,
            "commentText": "Tisha Robertson is using the green version of the platform.",
            "cardId": 1190
        },
        {
            "commentId": 1501,
            "commentText": "Curtis Contreras is using the red version of the platform.",
            "cardId": 1106
        },
        {
            "commentId": 1587,
            "commentText": "Rosario Cortez is using the red version of the platform.",
            "cardId": 1184
        },
        {
            "commentId": 1586,
            "commentText": "Cynthia Patton is using the green version of the platform.",
            "cardId": 1103
        },
        {
            "commentId": 1582,
            "commentText": "Dunlap Dorsey is using the red version of the platform.",
            "cardId": 1111
        },
        {
            "commentId": 1510,
            "commentText": "Dickerson Marks is using the green version of the platform.",
            "cardId": 1131
        },
        {
            "commentId": 1576,
            "commentText": "Barlow Tate is using the red version of the platform.",
            "cardId": 1128
        },
        {
            "commentId": 1590,
            "commentText": "Parker Hays is using the red version of the platform.",
            "cardId": 1150
        },
        {
            "commentId": 1557,
            "commentText": "Leonor Hawkins is using the blue version of the platform.",
            "cardId": 1178
        },
        {
            "commentId": 1577,
            "commentText": "Marion Banks is using the green version of the platform.",
            "cardId": 1185
        },
        {
            "commentId": 1521,
            "commentText": "Camille Alexander is using the green version of the platform.",
            "cardId": 1134
        },
        {
            "commentId": 1554,
            "commentText": "Douglas Mclean is using the blue version of the platform.",
            "cardId": 1196
        },
        {
            "commentId": 1592,
            "commentText": "Amy Mullins is using the blue version of the platform.",
            "cardId": 1146
        },
        {
            "commentId": 1571,
            "commentText": "Laurel Beck is using the blue version of the platform.",
            "cardId": 1161
        },
        {
            "commentId": 1569,
            "commentText": "Alma Delacruz is using the blue version of the platform.",
            "cardId": 1140
        },
        {
            "commentId": 1557,
            "commentText": "Mable Best is using the red version of the platform.",
            "cardId": 1144
        },
        {
            "commentId": 1532,
            "commentText": "Herminia Webster is using the blue version of the platform.",
            "cardId": 1124
        },
        {
            "commentId": 1511,
            "commentText": "Herman Deleon is using the green version of the platform.",
            "cardId": 1119
        },
        {
            "commentId": 1553,
            "commentText": "Roth Andrews is using the red version of the platform.",
            "cardId": 1176
        },
        {
            "commentId": 1557,
            "commentText": "Rodriquez Foreman is using the red version of the platform.",
            "cardId": 1179
        },
        {
            "commentId": 1562,
            "commentText": "Christian Booker is using the green version of the platform.",
            "cardId": 1113
        },
        {
            "commentId": 1560,
            "commentText": "Ramsey Benjamin is using the blue version of the platform.",
            "cardId": 1136
        },
        {
            "commentId": 1519,
            "commentText": "Bernadine Walton is using the blue version of the platform.",
            "cardId": 1130
        },
        {
            "commentId": 1501,
            "commentText": "Cherry Solomon is using the green version of the platform.",
            "cardId": 1149
        },
        {
            "commentId": 1583,
            "commentText": "Lopez Hatfield is using the blue version of the platform.",
            "cardId": 1138
        },
        {
            "commentId": 1571,
            "commentText": "Barnett Olson is using the red version of the platform.",
            "cardId": 1125
        },
        {
            "commentId": 1513,
            "commentText": "Traci Ballard is using the blue version of the platform.",
            "cardId": 1150
        },
        {
            "commentId": 1504,
            "commentText": "Thornton Price is using the red version of the platform.",
            "cardId": 1154
        },
        {
            "commentId": 1592,
            "commentText": "Stanton Hoffman is using the blue version of the platform.",
            "cardId": 1112
        },
        {
            "commentId": 1502,
            "commentText": "Emily York is using the blue version of the platform.",
            "cardId": 1127
        },
        {
            "commentId": 1566,
            "commentText": "Claudia Oconnor is using the green version of the platform.",
            "cardId": 1193
        },
        {
            "commentId": 1530,
            "commentText": "Cochran Holman is using the red version of the platform.",
            "cardId": 1173
        },
        {
            "commentId": 1524,
            "commentText": "Cote Gay is using the green version of the platform.",
            "cardId": 1134
        },
        {
            "commentId": 1558,
            "commentText": "Althea Rich is using the blue version of the platform.",
            "cardId": 1173
        },
        {
            "commentId": 1543,
            "commentText": "Tran Kent is using the red version of the platform.",
            "cardId": 1167
        },
        {
            "commentId": 1523,
            "commentText": "Heidi Nixon is using the red version of the platform.",
            "cardId": 1166
        },
        {
            "commentId": 1509,
            "commentText": "Alana Pollard is using the red version of the platform.",
            "cardId": 1130
        },
        {
            "commentId": 1583,
            "commentText": "Melissa Riggs is using the red version of the platform.",
            "cardId": 1109
        },
        {
            "commentId": 1594,
            "commentText": "Taylor Jefferson is using the blue version of the platform.",
            "cardId": 1168
        },
        {
            "commentId": 1543,
            "commentText": "Geraldine Payne is using the red version of the platform.",
            "cardId": 1129
        },
        {
            "commentId": 1584,
            "commentText": "Scott Daniels is using the blue version of the platform.",
            "cardId": 1106
        },
        {
            "commentId": 1576,
            "commentText": "Susie Yates is using the red version of the platform.",
            "cardId": 1194
        },
        {
            "commentId": 1515,
            "commentText": "Sandy Patel is using the blue version of the platform.",
            "cardId": 1144
        },
        {
            "commentId": 1567,
            "commentText": "Conner Richards is using the red version of the platform.",
            "cardId": 1153
        },
        {
            "commentId": 1507,
            "commentText": "Lang Vincent is using the green version of the platform.",
            "cardId": 1189
        },
        {
            "commentId": 1558,
            "commentText": "Isabel Peters is using the blue version of the platform.",
            "cardId": 1173
        },
        {
            "commentId": 1524,
            "commentText": "Jeanine Parsons is using the red version of the platform.",
            "cardId": 1153
        },
        {
            "commentId": 1578,
            "commentText": "Kelli Sullivan is using the green version of the platform.",
            "cardId": 1111
        },
        {
            "commentId": 1554,
            "commentText": "Parsons Head is using the green version of the platform.",
            "cardId": 1114
        },
        {
            "commentId": 1565,
            "commentText": "Gilda Jimenez is using the green version of the platform.",
            "cardId": 1193
        },
        {
            "commentId": 1544,
            "commentText": "Wolfe Talley is using the green version of the platform.",
            "cardId": 1194
        },
        {
            "commentId": 1516,
            "commentText": "Arline Hogan is using the green version of the platform.",
            "cardId": 1155
        },
        {
            "commentId": 1539,
            "commentText": "Avis Giles is using the green version of the platform.",
            "cardId": 1104
        },
        {
            "commentId": 1504,
            "commentText": "Blankenship Bates is using the red version of the platform.",
            "cardId": 1124
        },
        {
            "commentId": 1569,
            "commentText": "Lawrence Burns is using the green version of the platform.",
            "cardId": 1179
        },
        {
            "commentId": 1518,
            "commentText": "Dennis Jackson is using the green version of the platform.",
            "cardId": 1145
        },
        {
            "commentId": 1529,
            "commentText": "Elena Lyons is using the green version of the platform.",
            "cardId": 1127
        },
        {
            "commentId": 1568,
            "commentText": "Leon Chen is using the blue version of the platform.",
            "cardId": 1157
        },
        {
            "commentId": 1573,
            "commentText": "Michele Bass is using the red version of the platform.",
            "cardId": 1167
        },
        {
            "commentId": 1551,
            "commentText": "Sharp Mcdaniel is using the green version of the platform.",
            "cardId": 1130
        },
        {
            "commentId": 1522,
            "commentText": "Deloris Farmer is using the green version of the platform.",
            "cardId": 1196
        },
        {
            "commentId": 1548,
            "commentText": "Beverley Mcfadden is using the red version of the platform.",
            "cardId": 1179
        },
        {
            "commentId": 1528,
            "commentText": "Helga Randall is using the green version of the platform.",
            "cardId": 1143
        },
        {
            "commentId": 1519,
            "commentText": "Aisha Golden is using the red version of the platform.",
            "cardId": 1199
        },
        {
            "commentId": 1519,
            "commentText": "Mcknight Merrill is using the green version of the platform.",
            "cardId": 1147
        }
    ]
}